Fact,Fact Note,Colorado,Value Note for Colorado,California,Value Note for California,Arkansas,Value Note for Arkansas,Arizona,Value Note for Arizona,Alaska,Value Note for Alaska,Alabama,Value Note for Alabama,Idaho,Value Note for Idaho,Hawaii,Value Note for Hawaii,Georgia,Value Note for Georgia,Florida,Value Note for Florida,Delaware,Value Note for Delaware,Connecticut,Value Note for Connecticut,Louisiana,Value Note for Louisiana,Kentucky,Value Note for Kentucky,Kansas,Value Note for Kansas,Iowa,Value Note for Iowa,Indiana,Value Note for Indiana,Illinois,Value Note for Illinois,Mississippi,Value Note for Mississippi,Minnesota,Value Note for Minnesota,Michigan,Value Note for Michigan,Massachusetts,Value Note for Massachusetts,Maryland,Value Note for Maryland,Maine,Value Note for Maine,Oklahoma,Value Note for Oklahoma,Ohio,Value Note for Ohio,North Dakota,Value Note for North Dakota,North Carolina,Value Note for North Carolina,New York,Value Note for New York,New Mexico,Value Note for New Mexico,West Virginia,Value Note for West Virginia,Washington,Value Note for Washington,Virginia,Value Note for Virginia,Vermont,Value Note for Vermont,Utah,Value Note for Utah,Texas,Value Note for Texas,New Jersey,Value Note for New Jersey,New Hampshire,Value Note for New Hampshire,Nevada,Value Note for Nevada,Nebraska,Value Note for Nebraska,Montana,Value Note for Montana,Missouri,Value Note for Missouri,Tennessee,Value Note for Tennessee,South Dakota,Value Note for South Dakota,South Carolina,Value Note for South Carolina,Rhode Island,Value Note for Rhode Island,Pennsylvania,Value Note for Pennsylvania,Oregon,Value Note for Oregon,Wyoming,Value Note for Wyoming,Wisconsin,Value Note for Wisconsin,United States,Value Note for United States,District of Columbia,Value Note for District of Columbia
"Population estimates, July 1, 2019,  (V2019)",,"5,758,736",,"39,512,223",,"3,017,804",,"7,278,717",,"731,545",,"4,903,185",,"1,787,065",,"1,415,872",,"10,617,423",,"21,477,737",,"973,764",,"3,565,287",,"4,648,794",,"4,467,673",,"2,913,314",,"3,155,070",,"6,732,219",,"12,671,821",,"2,976,149",,"5,639,632",,"9,986,857",,"6,892,503",,"6,045,680",,"1,344,212",,"3,956,971",,"11,689,100",,"762,062",,"10,488,084",,"19,453,561",,"2,096,829",,"1,792,147",,"7,614,893",,"8,535,519",,"623,989",,"3,205,958",,"28,995,881",,"8,882,190",,"1,359,711",,"3,080,156",,"1,934,408",,"1,068,778",,"6,137,428",,"6,829,174",,"884,659",,"5,148,714",,"1,059,361",,"12,801,989",,"4,217,737",,"578,759",,"5,822,434",,"328,239,523",,"705,749",
"Population estimates base, April 1, 2010,  (V2019)",,"5,029,319",,"37,254,519",,"2,916,031",,"6,392,288",,"710,249",,"4,780,125",,"1,567,657",,"1,360,307",,"9,688,729",,"18,804,564",,"897,937",,"3,574,147",,"4,533,487",,"4,339,333",,"2,853,123",,"3,046,871",,"6,484,051",,"12,831,572",,"2,968,130",,"5,303,927",,"9,884,116",,"6,547,785",,"5,773,794",,"1,328,358",,"3,751,582",,"11,536,751",,"672,576",,"9,535,751",,"19,378,144",,"2,059,199",,"1,853,018",,"6,724,540",,"8,001,049",,"625,737",,"2,763,891",,"25,146,091",,"8,791,978",,"1,316,462",,"2,700,677",,"1,826,305",,"989,407",,"5,988,950",,"6,346,276",,"814,198",,"4,625,366",,"1,052,964",,"12,702,868",,"3,831,079",,"563,775",,"5,687,285",,"308,758,105",,"601,767",
"Population, percent change - April 1, 2010 (estimates base) to July 1, 2019,  (V2019)",,14.50%,,6.10%,,3.50%,,13.90%,,3.00%,,2.60%,,14.00%,,4.10%,,9.60%,,14.20%,,8.40%,,-0.20%,,2.50%,,3.00%,,2.10%,,3.60%,,3.80%,,-1.20%,,0.30%,,6.30%,,1.00%,,5.30%,,4.70%,,1.20%,,5.50%,,1.30%,,13.30%,,10.00%,,0.40%,,1.80%,,-3.30%,,13.20%,,6.70%,,-0.30%,,16.00%,,15.30%,,1.00%,,3.30%,,14.10%,,5.90%,,8.00%,,2.50%,,7.60%,,8.70%,,11.30%,,0.60%,,0.80%,,10.10%,,2.70%,,2.40%,,6.30%,,17.30%,
"Population, Census, April 1, 2010",,"5,029,196",,"37,253,956",,"2,915,918",,"6,392,017",,"710,231",,"4,779,736",,"1,567,582",,"1,360,301",,"9,687,653",,"18,801,310",,"897,934",,"3,574,097",,"4,533,372",,"4,339,367",,"2,853,118",,"3,046,355",,"6,483,802",,"12,830,632",,"2,967,297",,"5,303,925",,"9,883,640",,"6,547,629",,"5,773,552",,"1,328,361",,"3,751,351",,"11,536,504",,"672,591",,"9,535,483",,"19,378,102",,"2,059,179",,"1,852,994",,"6,724,540",,"8,001,024",,"625,741",,"2,763,885",,"25,145,561",,"8,791,894",,"1,316,470",,"2,700,551",,"1,826,341",,"989,415",,"5,988,927",,"6,346,105",,"814,180",,"4,625,364",,"1,052,567",,"12,702,379",,"3,831,074",,"563,626",,"5,686,986",,"308,745,538",,"601,723",
"Persons under 5 years, percent",,5.80%,,6.00%,,6.20%,,5.90%,,7.00%,,6.00%,,6.50%,,6.00%,,6.20%,,5.30%,,5.60%,,5.10%,,6.50%,,6.10%,,6.40%,,6.20%,,6.20%,,5.90%,,6.20%,,6.20%,,5.70%,,5.20%,,6.00%,,4.70%,,6.50%,,5.90%,,7.10%,,5.80%,,5.80%,,5.80%,,5.20%,,6.00%,,5.90%,,4.70%,,7.70%,,6.90%,,5.80%,,4.70%,,6.00%,,6.80%,,5.70%,,6.00%,,6.00%,,6.90%,,5.70%,,5.10%,,5.50%,,5.40%,,6.00%,,5.70%,,6.00%,,6.40%,
"Persons under 18 years, percent",,21.90%,,22.50%,,23.20%,,22.50%,,24.60%,,22.20%,,25.10%,,21.20%,,23.60%,,19.70%,,20.90%,,20.40%,,23.40%,,22.40%,,24.00%,,23.00%,,23.30%,,22.20%,,23.50%,,23.10%,,21.50%,,19.60%,,22.10%,,18.50%,,24.10%,,22.10%,,23.60%,,21.90%,,20.70%,,22.70%,,20.10%,,21.80%,,21.80%,,18.30%,,29.00%,,25.50%,,21.80%,,18.80%,,22.50%,,24.60%,,21.40%,,22.30%,,22.10%,,24.50%,,21.60%,,19.30%,,20.60%,,20.50%,,23.10%,,21.80%,,22.30%,,18.20%,
"Persons 65 years and over, percent",,14.60%,,14.80%,,17.40%,,18.00%,,12.50%,,17.30%,,16.30%,,19.00%,,14.30%,,20.90%,,19.40%,,17.70%,,15.90%,,16.80%,,16.30%,,17.50%,,16.10%,,16.10%,,16.40%,,16.30%,,17.70%,,17.00%,,15.90%,,21.20%,,16.10%,,17.50%,,15.70%,,16.70%,,16.90%,,18.00%,,20.50%,,15.90%,,15.90%,,20.00%,,11.40%,,12.90%,,16.60%,,18.70%,,16.10%,,16.20%,,19.30%,,17.30%,,16.70%,,17.20%,,18.20%,,17.70%,,18.70%,,18.20%,,17.10%,,17.50%,,16.50%,,12.40%,
"Female persons, percent",,49.60%,,50.30%,,50.90%,,50.30%,,47.90%,,51.70%,,49.90%,,50.00%,,51.40%,,51.10%,,51.70%,,51.20%,,51.20%,,50.70%,,50.20%,,50.20%,,50.70%,,50.90%,,51.50%,,50.20%,,50.70%,,51.50%,,51.60%,,51.00%,,50.50%,,51.00%,,48.80%,,51.40%,,51.40%,,50.50%,,50.50%,,49.90%,,50.80%,,50.60%,,49.60%,,50.30%,,51.10%,,50.40%,,49.80%,,50.00%,,49.70%,,50.90%,,51.20%,,49.50%,,51.60%,,51.30%,,51.00%,,50.40%,,49.10%,,50.20%,,50.80%,,52.60%,
"White alone, percent",,86.90%,,71.90%,,79.00%,,82.60%,,65.30%,,69.10%,,93.00%,,25.50%,,60.20%,,77.30%,,69.20%,,79.70%,,62.80%,,87.50%,,86.30%,,90.60%,,84.80%,,76.80%,,59.10%,,83.80%,,79.20%,,80.60%,,58.50%,,94.40%,,74.00%,,81.70%,,86.90%,,70.60%,,69.60%,,81.90%,,93.50%,,78.50%,,69.40%,,94.20%,,90.60%,,78.70%,,71.90%,,93.10%,,73.90%,,88.10%,,88.90%,,82.90%,,78.40%,,84.60%,,68.60%,,83.60%,,81.60%,,86.70%,,92.50%,,87.00%,,76.30%,,46.00%,
"Black or African American alone, percent",(a),4.60%,,6.50%,,15.70%,,5.20%,,3.70%,,26.80%,,0.90%,,2.20%,,32.60%,,16.90%,,23.20%,,12.20%,,32.80%,,8.50%,,6.10%,,4.10%,,9.90%,,14.60%,,37.80%,,7.00%,,14.10%,,9.00%,,31.10%,,1.70%,,7.80%,,13.10%,,3.40%,,22.20%,,17.60%,,2.60%,,3.60%,,4.40%,,19.90%,,1.40%,,1.50%,,12.90%,,15.10%,,1.80%,,10.30%,,5.20%,,0.60%,,11.80%,,17.10%,,2.30%,,27.00%,,8.50%,,12.00%,,2.20%,,1.30%,,6.70%,,13.40%,,46.00%,
"American Indian and Alaska Native alone, percent",(a),1.60%,,1.60%,,1.00%,,5.30%,,15.60%,,0.70%,,1.70%,,0.40%,,0.50%,,0.50%,,0.70%,,0.60%,,0.80%,,0.30%,,1.20%,,0.50%,,0.40%,,0.60%,,0.60%,,1.40%,,0.70%,,0.50%,,0.60%,,0.70%,,9.40%,,0.30%,,5.60%,,1.60%,,1.00%,,11.00%,,0.30%,,1.90%,,0.50%,,0.40%,,1.60%,,1.00%,,0.60%,,0.30%,,1.70%,,1.50%,,6.70%,,0.60%,,0.50%,,9.00%,,0.50%,,1.10%,,0.40%,,1.80%,,2.70%,,1.20%,,1.30%,,0.60%,
"Asian alone, percent",(a),3.50%,,15.50%,,1.70%,,3.70%,,6.50%,,1.50%,,1.60%,,37.60%,,4.40%,,3.00%,,4.10%,,5.00%,,1.80%,,1.60%,,3.20%,,2.70%,,2.60%,,5.90%,,1.10%,,5.20%,,3.40%,,7.20%,,6.70%,,1.30%,,2.40%,,2.50%,,1.70%,,3.20%,,9.00%,,1.80%,,0.80%,,9.60%,,6.90%,,1.90%,,2.70%,,5.20%,,10.00%,,3.00%,,8.70%,,2.70%,,0.90%,,2.20%,,2.00%,,1.50%,,1.80%,,3.70%,,3.80%,,4.90%,,1.10%,,3.00%,,5.90%,,4.50%,
"Native Hawaiian and Other Pacific Islander alone, percent",(a),0.20%,,0.50%,,0.40%,,0.30%,,1.40%,,0.10%,,0.20%,,10.10%,,0.10%,,0.10%,,0.10%,,0.10%,,0.10%,,0.10%,,0.10%,,0.20%,,0.10%,,0.10%,,0.10%,,0.10%,,Z,,0.10%,,0.10%,,Z,,0.20%,,0.10%,,0.10%,,0.10%,,0.10%,,0.20%,,Z,,0.80%,,0.10%,,Z,,1.10%,,0.10%,,0.10%,,Z,,0.80%,,0.10%,,0.10%,,0.20%,,0.10%,,0.10%,,0.10%,,0.20%,,0.10%,,0.50%,,0.10%,,0.10%,,0.20%,,0.10%,
"Two or More Races, percent",,3.10%,,4.00%,,2.20%,,2.90%,,7.50%,,1.80%,,2.60%,,24.20%,,2.20%,,2.20%,,2.70%,,2.50%,,1.80%,,2.00%,,3.10%,,2.00%,,2.20%,,2.10%,,1.30%,,2.60%,,2.50%,,2.60%,,2.90%,,1.80%,,6.30%,,2.40%,,2.30%,,2.30%,,2.70%,,2.60%,,1.80%,,4.90%,,3.20%,,2.00%,,2.60%,,2.10%,,2.30%,,1.80%,,4.60%,,2.30%,,2.80%,,2.40%,,2.00%,,2.50%,,2.00%,,2.90%,,2.10%,,4.00%,,2.20%,,2.00%,,2.80%,,2.90%,
"Hispanic or Latino, percent",(b),21.80%,,39.40%,,7.80%,,31.70%,,7.30%,,4.60%,,12.80%,,10.70%,,9.90%,,26.40%,,9.60%,,16.90%,,5.30%,,3.90%,,12.20%,,6.30%,,7.30%,,17.50%,,3.40%,,5.60%,,5.30%,,12.40%,,10.60%,,1.80%,,11.10%,,4.00%,,4.10%,,9.80%,,19.30%,,49.30%,,1.70%,,13.00%,,9.80%,,2.00%,,14.40%,,39.70%,,20.90%,,4.00%,,29.20%,,11.40%,,4.10%,,4.40%,,5.70%,,4.20%,,6.00%,,16.30%,,7.80%,,13.40%,,10.10%,,7.10%,,18.50%,,11.30%,
"White alone, not Hispanic or Latino, percent",,67.70%,,36.50%,,72.00%,,54.10%,,60.20%,,65.30%,,81.60%,,21.70%,,52.00%,,53.20%,,61.70%,,65.90%,,58.40%,,84.10%,,75.40%,,85.00%,,78.40%,,60.80%,,56.40%,,79.10%,,74.70%,,71.10%,,50.00%,,93.00%,,65.00%,,78.40%,,83.70%,,62.60%,,55.30%,,36.80%,,92.00%,,67.50%,,61.20%,,92.60%,,77.80%,,41.20%,,54.60%,,89.80%,,48.20%,,78.20%,,85.90%,,79.10%,,73.50%,,81.50%,,63.70%,,71.40%,,75.70%,,75.10%,,83.70%,,80.90%,,60.10%,,37.50%,
"Veterans, 2015-2019",,"373,795",,"1,574,531",,"197,138",,"488,061",,"65,186",,"330,207",,"116,157",,"101,975",,"629,302",,"1,440,338",,"65,438",,"167,521",,"243,335",,"267,594",,"176,444",,"185,671",,"380,690",,"570,264",,"165,538",,"300,044",,"549,526",,"303,534",,"365,356",,"103,776",,"270,775",,"709,287",,"46,067",,"659,584",,"705,924",,"144,977",,"130,536",,"529,784",,"677,533",,"36,988",,"120,447",,"1,453,450",,"321,991",,"96,098",,"207,767",,"117,466",,"85,350",,"401,779",,"431,274",,"57,550",,"365,139",,"54,121",,"759,474",,"283,045",,"44,999",,"331,340",,"18,230,322",,"26,156",
"Foreign born persons, percent, 2015-2019",,9.70%,,26.80%,,4.80%,,13.30%,,7.80%,,3.50%,,6.00%,,18.50%,,10.10%,,20.70%,,9.60%,,14.60%,,4.20%,,3.90%,,7.10%,,5.30%,,5.20%,,14.10%,,2.40%,,8.50%,,6.90%,,16.80%,,15.20%,,3.60%,,6.00%,,4.60%,,4.10%,,8.00%,,22.60%,,9.40%,,1.70%,,14.30%,,12.40%,,4.70%,,8.50%,,17.00%,,22.40%,,6.10%,,19.40%,,7.20%,,2.20%,,4.20%,,5.10%,,3.70%,,5.00%,,13.60%,,6.90%,,9.90%,,3.40%,,5.00%,,13.60%,,13.70%,
"Housing units,  July 1, 2019,  (V2019)",,"2,464,164",,"14,366,336",,"1,389,129",,"3,075,981",,"319,854",,"2,284,847",,"751,105",,"550,273",,"4,378,391",,"9,673,682",,"443,781",,"1,524,992",,"2,089,777",,"2,006,358",,"1,288,401",,"1,418,626",,"2,921,032",,"5,388,066",,"1,339,021",,"2,477,753",,"4,629,611",,"2,928,732",,"2,470,316",,"750,939",,"1,749,464",,"5,232,869",,"380,173",,"4,747,943",,"8,404,381",,"948,473",,"894,956",,"3,195,004",,"3,562,143",,"339,439",,"1,133,521",,"11,283,353",,"3,641,812",,"642,315",,"1,285,684",,"851,227",,"519,935",,"2,819,383",,"3,028,213",,"401,862",,"2,351,286",,"470,168",,"5,732,628",,"1,808,465",,"280,291",,"2,725,296",,"139,684,244",,"322,793",
"Owner-occupied housing unit rate, 2015-2019",,65.20%,,54.80%,,65.60%,,64.40%,,64.30%,,68.80%,,70.00%,,58.90%,,63.30%,,65.40%,,71.20%,,66.10%,,65.60%,,67.20%,,66.30%,,71.10%,,69.10%,,66.10%,,68.20%,,71.60%,,71.20%,,62.40%,,66.90%,,72.30%,,65.60%,,66.10%,,62.40%,,65.20%,,53.90%,,67.70%,,73.20%,,63.00%,,66.30%,,70.80%,,70.20%,,62.00%,,63.90%,,71.10%,,56.30%,,66.10%,,68.10%,,66.80%,,66.30%,,67.80%,,69.40%,,60.80%,,68.90%,,62.40%,,70.40%,,67.00%,,64.00%,,41.60%,
"Median value of owner-occupied housing units, 2015-2019",,"$343,300 ",,"$505,000 ",,"$127,800 ",,"$225,500 ",,"$270,400 ",,"$142,700 ",,"$212,300 ",,"$615,300 ",,"$176,000 ",,"$215,300 ",,"$251,100 ",,"$275,400 ",,"$163,100 ",,"$141,000 ",,"$151,900 ",,"$147,800 ",,"$141,700 ",,"$194,500 ",,"$119,000 ",,"$223,900 ",,"$154,900 ",,"$381,600 ",,"$314,800 ",,"$190,400 ",,"$136,800 ",,"$145,700 ",,"$193,900 ",,"$172,500 ",,"$313,700 ",,"$171,400 ",,"$119,600 ",,"$339,000 ",,"$273,100 ",,"$227,700 ",,"$279,100 ",,"$172,500 ",,"$335,600 ",,"$261,700 ",,"$267,900 ",,"$155,800 ",,"$230,600 ",,"$157,200 ",,"$167,200 ",,"$167,100 ",,"$162,300 ",,"$261,900 ",,"$180,200 ",,"$312,200 ",,"$220,500 ",,"$180,600 ",,"$217,500 ",,"$601,500 ",
"Median selected monthly owner costs -with a mortgage, 2015-2019",,"$1,744 ",,"$2,357 ",,"$1,089 ",,"$1,434 ",,"$1,933 ",,"$1,186 ",,"$1,270 ",,"$2,418 ",,"$1,417 ",,"$1,503 ",,"$1,587 ",,"$2,119 ",,"$1,295 ",,"$1,178 ",,"$1,378 ",,"$1,260 ",,"$1,148 ",,"$1,693 ",,"$1,147 ",,"$1,580 ",,"$1,298 ",,"$2,225 ",,"$2,017 ",,"$1,398 ",,"$1,234 ",,"$1,282 ",,"$1,426 ",,"$1,314 ",,"$2,155 ",,"$1,280 ",,"$1,050 ",,"$1,886 ",,"$1,799 ",,"$1,621 ",,"$1,551 ",,"$1,606 ",,"$2,465 ",,"$1,948 ",,"$1,524 ",,"$1,386 ",,"$1,429 ",,"$1,277 ",,"$1,244 ",,"$1,340 ",,"$1,246 ",,"$1,860 ",,"$1,494 ",,"$1,699 ",,"$1,459 ",,"$1,430 ",,"$1,595 ",,"$2,569 ",
"Median selected monthly owner costs -without a mortgage, 2015-2019",,$474 ,,$594 ,,$353 ,,$419 ,,$582 ,,$363 ,,$377 ,,$529 ,,$427 ,,$505 ,,$470 ,,$894 ,,$344 ,,$375 ,,$508 ,,$485 ,,$409 ,,$641 ,,$359 ,,$534 ,,$490 ,,$812 ,,$627 ,,$499 ,,$401 ,,$479 ,,$466 ,,$400 ,,$772 ,,$356 ,,$326 ,,$583 ,,$479 ,,$677 ,,$430 ,,$514 ,,"$1,052 ",,$811 ,,$426 ,,$525 ,,$435 ,,$446 ,,$388 ,,$483 ,,$375 ,,$739 ,,$539 ,,$538 ,,$420 ,,$553 ,,$500 ,,$688 ,
"Median gross rent, 2015-2019",,"$1,271 ",,"$1,503 ",,$745 ,,"$1,052 ",,"$1,244 ",,$792 ,,$853 ,,"$1,617 ",,"$1,006 ",,"$1,175 ",,"$1,130 ",,"$1,180 ",,$866 ,,$763 ,,$850 ,,$789 ,,$826 ,,"$1,010 ",,$780 ,,$977 ,,$871 ,,"$1,282 ",,"$1,392 ",,$853 ,,$810 ,,$808 ,,$826 ,,$907 ,,"$1,280 ",,$844 ,,$725 ,,"$1,258 ",,"$1,234 ",,$985 ,,"$1,037 ",,"$1,045 ",,"$1,334 ",,"$1,111 ",,"$1,107 ",,$833 ,,$810 ,,$830 ,,$869 ,,$747 ,,$894 ,,"$1,004 ",,$938 ,,"$1,110 ",,$855 ,,$856 ,,"$1,062 ",,"$1,541 ",
"Building permits, 2019",,"38,633",,"110,197",,"12,723",,"46,580",,"1,680",,"17,748",,"17,716",,"4,093",,"53,823",,"154,302",,"6,539",,"5,854",,"15,793",,"11,811",,"7,961",,"11,870",,"22,309",,"20,524",,"6,952",,"28,586",,"20,600",1,"17,365",,"18,491",,"4,760",1,"12,152",,"23,047",,"2,495",,"71,307",,"45,219",,"5,020",1,"3,010",,"48,424",,"32,418",,"1,801",,"28,779",,"209,895",,"36,505",,"4,743",,"20,143",,"8,025",,"4,776",,"17,460",,"41,361",,"4,415",,"36,034",,"1,400",,"23,539",,"22,037",1,"1,708",,"17,480",,"1,386,048",,"5,945",
"Households, 2015-2019",,"2,148,994",,"13,044,266",,"1,158,071",,"2,571,268",,"253,346",,"1,867,893",,"630,008",,"459,424",,"3,758,798",,"7,736,311",,"363,322",,"1,370,746",,"1,739,497",,"1,734,618",,"1,129,227",,"1,265,473",,"2,570,419",,"4,846,134",,"1,104,394",,"2,185,603",,"3,935,041",,"2,617,497",,"2,205,204",,"559,921",,"1,480,061",,"4,676,358",,"318,322",,"3,965,482",,"7,343,234",,"780,249",,"732,585",,"2,848,396",,"3,151,045",,"260,029",,"977,313",,"9,691,647",,"3,231,874",,"532,037",,"1,098,602",,"759,176",,"427,871",,"2,414,521",,"2,597,292",,"344,397",,"1,921,862",,"410,489",,"5,053,106",,"1,611,982",,"230,101",,"2,358,156",,"120,756,048",,"284,386",
"Persons per household, 2015-2019",,2.56,,2.95,,2.52,,2.68,,2.8,,2.55,,2.68,,3,,2.7,,2.65,,2.57,,2.53,,2.61,,2.49,,2.51,,2.4,,2.52,,2.57,,2.62,,2.49,,2.47,,2.52,,2.67,,2.32,,2.58,,2.43,,2.3,,2.52,,2.59,,2.63,,2.42,,2.55,,2.61,,2.3,,3.12,,2.85,,2.69,,2.46,,2.67,,2.45,,2.39,,2.46,,2.52,,2.43,,2.54,,2.47,,2.45,,2.51,,2.46,,2.39,,2.62,,2.3,
"Living in same house 1 year ago, percent of persons age 1 year+, 2015-2019",,82.00%,,87.10%,,84.60%,,82.60%,,82.10%,,86.30%,,82.80%,,86.60%,,84.90%,,84.50%,,87.40%,,87.90%,,87.20%,,84.90%,,83.80%,,85.20%,,85.30%,,87.30%,,86.90%,,85.90%,,86.20%,,87.30%,,86.40%,,86.60%,,83.20%,,85.30%,,82.20%,,84.80%,,89.50%,,86.70%,,88.30%,,82.30%,,84.70%,,86.70%,,83.10%,,84.40%,,89.80%,,86.10%,,82.10%,,84.10%,,84.10%,,84.80%,,85.50%,,84.20%,,85.70%,,87.40%,,87.60%,,82.90%,,83.20%,,86.00%,,85.80%,,80.50%,
"Language other than English spoken at home, percent of persons age 5 years+, 2015-2019",,16.90%,,44.20%,,7.50%,,27.10%,,16.10%,,5.30%,,10.90%,,26.60%,,14.00%,,29.40%,,13.30%,,22.30%,,8.00%,,5.60%,,11.90%,,8.30%,,8.80%,,23.20%,,4.00%,,11.90%,,9.70%,,23.80%,,19.00%,,6.10%,,10.50%,,7.20%,,6.00%,,11.80%,,30.50%,,34.00%,,2.60%,,19.70%,,16.30%,,5.80%,,15.40%,,35.50%,,31.30%,,8.00%,,30.40%,,11.50%,,4.20%,,6.30%,,7.20%,,6.40%,,7.20%,,22.40%,,11.40%,,15.40%,,7.40%,,8.70%,,21.60%,,17.20%,
"Households with a computer, percent, 2015-2019",,93.90%,,93.00%,,86.20%,,91.70%,,94.10%,,85.50%,,91.80%,,91.20%,,90.20%,,91.50%,,91.60%,,90.80%,,85.60%,,86.40%,,90.00%,,89.00%,,88.70%,,89.90%,,83.80%,,91.60%,,89.60%,,91.40%,,92.40%,,89.70%,,88.60%,,89.10%,,89.80%,,89.10%,,89.60%,,85.90%,,84.20%,,93.80%,,91.10%,,89.90%,,95.30%,,91.00%,,91.40%,,93.00%,,92.50%,,90.00%,,88.90%,,89.00%,,87.10%,,88.50%,,88.30%,,89.10%,,88.00%,,93.00%,,91.80%,,89.40%,,90.30%,,91.80%,
"Households with a broadband Internet subscription, percent, 2015-2019",,87.60%,,86.70%,,73.00%,,84.10%,,85.50%,,76.40%,,82.70%,,84.80%,,81.30%,,83.00%,,85.00%,,85.50%,,75.50%,,78.40%,,81.80%,,80.80%,,80.10%,,82.70%,,71.50%,,84.80%,,81.50%,,86.40%,,86.40%,,82.10%,,78.60%,,82.00%,,80.70%,,80.70%,,82.80%,,74.60%,,76.00%,,88.30%,,83.90%,,81.50%,,87.50%,,81.90%,,85.80%,,87.70%,,83.20%,,83.40%,,80.70%,,80.20%,,78.40%,,80.70%,,78.20%,,84.00%,,81.50%,,85.90%,,83.40%,,82.50%,,82.70%,,82.60%,
"High school graduate or higher, percent of persons age 25 years+, 2015-2019",,91.70%,,83.30%,,86.60%,,87.10%,,92.80%,,86.20%,,90.80%,,92.00%,,87.10%,,88.20%,,90.00%,,90.60%,,85.20%,,86.30%,,91.00%,,92.10%,,88.80%,,89.20%,,84.50%,,93.10%,,90.80%,,90.80%,,90.20%,,92.60%,,88.00%,,90.40%,,92.60%,,87.80%,,86.80%,,85.60%,,86.90%,,91.30%,,89.70%,,92.70%,,92.30%,,83.70%,,89.80%,,93.10%,,86.70%,,91.40%,,93.60%,,89.90%,,87.50%,,91.70%,,87.50%,,88.80%,,90.50%,,90.70%,,93.20%,,92.20%,,88.00%,,90.90%,
"Bachelor's degree or higher, percent of persons age 25 years+, 2015-2019",,40.90%,,33.90%,,23.00%,,29.50%,,29.60%,,25.50%,,27.60%,,33.00%,,31.30%,,29.90%,,32.00%,,39.30%,,24.10%,,24.20%,,33.40%,,28.60%,,26.50%,,34.70%,,22.00%,,36.10%,,29.10%,,43.70%,,40.20%,,31.80%,,25.50%,,28.30%,,30.00%,,31.30%,,36.60%,,27.30%,,20.60%,,36.00%,,38.80%,,38.00%,,34.00%,,29.90%,,39.70%,,37.00%,,24.70%,,31.90%,,32.00%,,29.20%,,27.30%,,28.80%,,28.10%,,34.20%,,31.40%,,33.70%,,27.40%,,30.10%,,32.10%,,58.50%,
"With a disability, under age 65 years, percent, 2015-2019",,7.20%,,6.70%,,12.60%,,8.70%,,8.90%,,11.60%,,9.60%,,6.40%,,8.70%,,8.60%,,8.70%,,7.40%,,11.10%,,13.20%,,9.00%,,7.90%,,9.70%,,7.20%,,11.90%,,7.30%,,10.20%,,7.80%,,7.50%,,11.70%,,11.50%,,10.00%,,7.20%,,9.40%,,7.60%,,10.50%,,14.00%,,8.70%,,8.00%,,10.60%,,6.80%,,7.90%,,6.50%,,9.00%,,8.60%,,7.80%,,9.20%,,10.30%,,11.00%,,8.10%,,10.20%,,9.70%,,9.80%,,9.90%,,8.90%,,8.00%,,8.60%,,8.50%,
"Persons  without health insurance, under age 65 years, percent",,9.30%,,8.90%,,10.90%,,13.60%,,13.90%,,11.70%,,12.80%,,5.00%,,15.50%,,16.30%,,8.10%,,7.00%,,10.50%,,7.70%,,10.90%,,6.00%,,10.30%,,8.60%,,15.40%,,5.80%,,6.90%,,3.50%,,6.90%,,10.10%,,16.80%,,7.80%,,8.10%,,13.40%,,6.10%,,12.00%,,8.30%,,7.70%,,9.30%,,5.60%,,10.80%,,20.80%,,9.20%,,7.60%,,13.40%,,9.80%,,10.20%,,12.00%,,12.10%,,12.20%,,13.20%,,4.80%,,7.00%,,8.60%,,14.80%,,6.80%,,9.50%,,3.90%,
"In civilian labor force, total, percent of population age 16 years+, 2015-2019",,67.60%,,63.30%,,57.90%,,59.40%,,65.50%,,57.10%,,62.40%,,61.80%,,62.60%,,58.50%,,62.00%,,66.10%,,59.10%,,59.00%,,65.90%,,67.30%,,63.80%,,65.10%,,56.70%,,69.60%,,61.50%,,67.20%,,67.10%,,62.80%,,60.60%,,63.20%,,69.20%,,61.30%,,63.00%,,57.30%,,53.20%,,63.60%,,64.10%,,65.40%,,68.30%,,64.20%,,65.50%,,67.50%,,63.30%,,69.30%,,63.00%,,62.60%,,61.00%,,67.70%,,59.70%,,64.40%,,62.70%,,62.30%,,65.80%,,66.40%,,63.00%,,69.90%,
"In civilian labor force, female, percent of population age 16 years+, 2015-2019",,62.70%,,57.50%,,53.60%,,54.70%,,63.10%,,52.30%,,57.00%,,59.60%,,58.50%,,54.30%,,58.50%,,62.10%,,55.40%,,54.90%,,61.40%,,62.90%,,59.10%,,60.40%,,53.40%,,65.90%,,57.10%,,63.40%,,63.40%,,59.50%,,55.60%,,59.00%,,64.80%,,57.30%,,58.70%,,53.60%,,49.10%,,58.50%,,60.50%,,62.80%,,60.60%,,57.80%,,60.20%,,63.40%,,58.60%,,64.70%,,59.30%,,58.80%,,56.60%,,63.90%,,55.90%,,60.60%,,58.40%,,57.90%,,60.70%,,62.90%,,58.30%,,68.30%,
"Total accommodation and food services sales, 2012 ($1,000)",(c),"13,617,654",,"90,830,372",,"4,307,264",,"13,996,635",,"2,221,335",,"7,576,462",,"2,680,225",,"9,536,706",,"18,976,611",,"49,817,925",,"2,148,437",,"9,542,068",,"11,697,949",,"7,500,115",,"4,873,411",,"5,468,687",,"13,076,602",,"27,937,381",,"6,999,175",,"11,722,627",,"17,962,356",,"17,508,975",,"12,516,782",,"2,901,347",,"7,121,153",,"20,652,777",,"2,045,123",,"18,622,258",,"49,285,508",,"4,349,672",,"4,036,333",,"14,297,278",,"17,795,901",,"1,564,272",,"4,789,281",,"54,480,811",,"19,673,558",,"2,942,278",,"27,481,505",,"3,094,498",,"2,420,455",,"12,430,310",,"12,499,013",,"1,873,699",,"9,763,818",,"2,481,314",,"23,504,192",,"8,466,788",,"1,644,844",,"10,303,256",,"708,138,598",,"5,101,602",
"Total health care and social assistance receipts/revenue, 2012 ($1,000)",(c),"29,488,161",,"248,953,592",,"15,792,628",,"37,055,881",,"6,375,483",,"26,039,632",,"7,895,614",,"8,136,947",,"51,800,643",,"124,061,425",,"7,003,251",,"29,573,119",,"27,951,792",,"26,264,745",,"18,248,370",,"18,583,828",,"42,493,117",,"83,431,778",,"16,630,587",,"40,403,572",,"63,018,786",,"63,583,090",,"40,821,901",,"10,297,043",,"22,795,438",,"80,915,693",,"5,418,355",,"55,227,505",,"155,666,053",,"11,236,630",,"12,259,395",,"43,966,889",,"47,705,003",,"4,457,996",,"14,521,857",,"145,035,130",,"60,375,232",,"9,616,460",,"13,928,514",,"12,869,418",,"6,469,475",,"40,089,316",,"42,383,683",,"6,211,731",,"22,941,292",,"8,223,005",,"96,329,248",,"24,956,816",,"3,291,478",,"40,680,625",,"2,040,441,203",,"8,963,981",
"Total manufacturers shipments, 2012 ($1,000)",(c),"50,447,098",,"512,303,164",,"62,712,925",,"51,243,473",,D,,"124,809,759",,"20,201,432",,D,,"155,836,792",,"96,924,106",,"22,597,384",,"55,160,095",,"271,191,050",,"129,284,438",,"86,076,260",,"116,668,830",,"242,763,842",,"281,037,755",,"66,441,608",,"123,076,309",,"238,892,383",,"81,927,799",,"39,532,989",,"16,044,543",,"74,295,394",,"313,629,976",,"14,427,360",,"202,344,646",,"148,879,931",,"29,102,352",,"24,553,072",,"131,530,601",,"96,389,872",,"9,315,494",,"50,046,429",,"702,603,073",,"108,854,971",,"18,895,624",,"14,719,141",,"57,499,177",,"11,535,236",,"111,535,362",,"139,960,482",,"16,882,647",,"99,160,840",,"11,262,158",,"231,396,178",,"51,349,948",,"10,783,794",,"177,728,926",,"5,696,729,632",,"309,832",
"Total merchant wholesaler sales, 2012 ($1,000)",(c),"77,034,971",,"666,652,186",,"31,256,110",,"69,437,272",,"5,216,303",,"57,746,565",,"17,906,012",,"9,607,982",,"143,645,290",,"252,626,608",,"5,628,914",,"161,962,244",,"68,012,838",,"71,745,899",,"60,226,324",,"62,318,301",,"81,173,422",,"295,456,992",,"28,302,952",,"104,485,117",,"115,704,903",,"123,904,370",,"60,734,191",,"12,961,262",,"71,892,946",,"155,426,023",,"28,150,837",,"105,275,586",,"341,734,970",,"10,720,363",,"14,295,437",,"83,313,366",,"86,613,641",,"6,450,076",,"30,927,885",,"691,242,607",,"288,467,844",,"18,029,179",,"19,841,701",,"42,618,995",,"12,645,824",,"91,916,351",,"111,718,421",,"20,411,059",,"45,520,900",,"22,310,389",,"191,170,147",,"48,325,261",,"5,597,891",,"77,066,883",,"5,208,023,478",,"2,591,868",
"Total retail sales, 2012 ($1,000)",(c),"67,815,200",,"481,800,461",,"36,815,256",,"84,716,542",,"10,474,275",,"58,564,965",,"20,444,278",,"18,901,745",,"119,801,495",,"273,867,145",,"14,456,001",,"51,632,467",,"61,396,364",,"54,869,978",,"38,276,461",,"44,905,624",,"85,857,962",,"166,634,514",,"37,053,190",,"78,898,182",,"119,302,046",,"92,915,380",,"76,379,707",,"21,521,714",,"50,256,231",,"153,553,997",,"15,519,816",,"120,691,007",,"251,167,736",,"25,179,274",,"22,637,923",,"118,924,049",,"110,002,385",,"9,933,751",,"38,024,486",,"356,116,376",,"133,665,728",,"26,018,201",,"38,234,170",,"30,470,717",,"15,623,573",,"90,546,581",,"91,641,605",,"13,791,827",,"58,093,824",,"12,063,865",,"178,794,945",,"49,481,054",,"9,446,043",,"78,201,822",,"4,219,821,871",,"4,439,933",
"Total retail sales per capita, 2012",(c),"$13,073 ",,"$12,665 ",,"$12,483 ",,"$12,927 ",,"$14,320 ",,"$12,145 ",,"$12,812 ",,"$13,576 ",,"$12,077 ",,"$14,177 ",,"$15,763 ",,"$14,381 ",,"$13,342 ",,"$12,526 ",,"$13,263 ",,"$14,607 ",,"$13,133 ",,"$12,942 ",,"$12,413 ",,"$14,667 ",,"$12,071 ",,"$13,980 ",,"$12,980 ",,"$16,192 ",,"$13,174 ",,"$13,301 ",,"$22,183 ",,"$12,376 ",,"$12,834 ",,"$12,073 ",,"$12,201 ",,"$17,243 ",,"$13,438 ",,"$15,868 ",,"$13,317 ",,"$13,666 ",,"$15,079 ",,"$19,700 ",,"$13,858 ",,"$16,422 ",,"$15,544 ",,"$15,036 ",,"$14,194 ",,"$16,550 ",,"$12,298 ",,"$11,486 ",,"$14,008 ",,"$12,690 ",,"$16,388 ",,"$13,656 ",,"$13,443 ",,"$7,022 ",
"Mean travel time to work (minutes), workers age 16 years+, 2015-2019",,25.8,,29.8,,21.7,,25.7,,19.1,,24.9,,21.1,,27.5,,28.8,,27.8,,26.3,,26.6,,25.7,,23.6,,19.4,,19.3,,23.8,,29.2,,24.8,,23.7,,24.6,,30.2,,33.2,,24.2,,21.9,,23.7,,17.3,,24.8,,33.6,,22.3,,25.9,,28,,28.7,,23.3,,21.9,,26.6,,32.2,,27.5,,24.6,,18.8,,18.3,,23.9,,25.2,,17.2,,25,,25.2,,27.2,,23.9,,17.9,,22.2,,26.9,,30.8,
"Median household income (in 2019 dollars), 2015-2019",,"$72,331 ",,"$75,235 ",,"$47,597 ",,"$58,945 ",,"$77,640 ",,"$50,536 ",,"$55,785 ",,"$81,275 ",,"$58,700 ",,"$55,660 ",,"$68,287 ",,"$78,444 ",,"$49,469 ",,"$50,589 ",,"$59,597 ",,"$60,523 ",,"$56,303 ",,"$65,886 ",,"$45,081 ",,"$71,306 ",,"$57,144 ",,"$81,215 ",,"$84,805 ",,"$57,918 ",,"$52,919 ",,"$56,602 ",,"$64,894 ",,"$54,602 ",,"$68,486 ",,"$49,754 ",,"$46,711 ",,"$73,775 ",,"$74,222 ",,"$61,973 ",,"$71,621 ",,"$61,874 ",,"$82,545 ",,"$76,768 ",,"$60,365 ",,"$61,439 ",,"$54,970 ",,"$55,461 ",,"$53,320 ",,"$58,275 ",,"$53,199 ",,"$67,167 ",,"$61,744 ",,"$62,818 ",,"$64,049 ",,"$61,747 ",,"$62,843 ",,"$86,420 ",
"Per capita income in past 12 months (in 2019 dollars), 2015-2019",,"$38,226 ",,"$36,955 ",,"$26,577 ",,"$30,694 ",,"$36,787 ",,"$27,928 ",,"$27,970 ",,"$35,567 ",,"$31,067 ",,"$31,619 ",,"$35,450 ",,"$44,496 ",,"$27,923 ",,"$28,178 ",,"$31,814 ",,"$32,176 ",,"$29,777 ",,"$36,038 ",,"$24,369 ",,"$37,625 ",,"$31,713 ",,"$43,761 ",,"$42,122 ",,"$32,637 ",,"$28,422 ",,"$31,552 ",,"$36,062 ",,"$30,783 ",,"$39,326 ",,"$27,230 ",,"$26,480 ",,"$38,915 ",,"$39,278 ",,"$34,577 ",,"$29,775 ",,"$31,277 ",,"$42,745 ",,"$40,003 ",,"$31,557 ",,"$32,302 ",,"$31,151 ",,"$30,810 ",,"$29,859 ",,"$30,773 ",,"$29,426 ",,"$36,121 ",,"$34,352 ",,"$33,763 ",,"$33,366 ",,"$33,375 ",,"$34,103 ",,"$56,147 ",
"Persons in poverty, percent",,9.30%,,11.80%,,16.20%,,13.50%,,10.10%,,15.50%,,11.20%,,9.30%,,13.30%,,12.70%,,11.30%,,10.00%,,19.00%,,16.30%,,11.40%,,11.20%,,11.90%,,11.50%,,19.60%,,F,,13.00%,,9.40%,,F,,10.90%,,15.20%,,13.10%,,10.60%,,13.60%,,13.00%,,18.20%,,16.00%,,9.80%,,9.90%,,10.20%,,8.90%,,13.60%,,9.20%,,7.30%,,12.50%,,9.90%,,12.60%,,12.90%,,13.90%,,11.90%,,13.80%,,10.80%,,12.00%,,11.40%,,10.10%,,10.40%,,10.50%,,13.50%,
"Total employer establishments, 2018",,"172,548",,"954,632",,"66,975",,"144,867",,"21,293",,"100,267",,"49,267",,"32,952",,"235,847",,"566,894",,"25,771",,"89,054",,"106,359",,"91,079",,"74,559",,"82,894",,"148,304",,"320,965",,"59,271",,"151,595",,"222,656",,"180,307",,"139,497",,"41,727",,"93,561",,"251,937",,"24,566",,"234,948",,"547,194",,"43,830",,"35,963",,"193,817",,"202,379",,"21,019",,"82,260",,"600,747",,"233,806",,"38,375",,"67,845",,"54,875",,"38,720",,"153,710",,"138,269",,"27,100",,"110,325",,"28,748",,"303,492",,"118,586",,"21,336",,"141,666",,"7,912,405",,"23,751",
"Total employment, 2018",,"2,423,817",,"15,223,664",,"1,043,210",,"2,549,128",,"261,053",,"1,730,817",,"597,765",,"551,681",,"3,975,657",,"8,669,611",,"405,809",,"1,528,867",,"1,691,552",,"1,642,234",,"1,203,434",,"1,364,250",,"2,816,081",,"5,524,630",,"944,890",,"2,729,492",,"3,947,891",,"3,323,852",,"2,366,053",,"516,240",,"1,385,228",,"4,878,062",,"346,155",,"3,848,565",,"8,410,206",,"631,393",,"554,567",,"2,847,481",,"3,386,839",,"261,282",,"1,337,574",,"10,794,596",,"3,739,076",,"612,420",,"1,221,809",,"845,616",,"371,239",,"2,533,694",,"2,683,214",,"359,771",,"1,903,609",,"442,449",,"5,478,025",,"1,629,432",,"205,786",,"2,602,148",,"130,881,471",,"539,557",
"Total annual payroll, 2018 ($1,000)",,"133,693,599",,"1,020,958,926",,"44,439,456",,"123,144,606",,"15,732,010",,"76,223,039",,"25,229,557",,"25,119,473",,"204,050,872",,"404,483,243",,"23,045,652",,"97,728,524",,"78,758,017",,"71,429,511",,"55,087,460",,"61,430,726",,"128,461,591",,"313,199,314",,"36,775,694",,"149,373,963",,"198,363,538",,"227,920,705",,"131,901,298",,"23,114,375",,"63,012,529",,"236,239,178",,"17,302,345",,"184,233,031",,"572,408,254",,"26,933,964",,"23,198,172",,"183,300,334",,"188,552,171",,"11,436,767",,"62,411,104",,"577,914,267",,"230,637,460",,"31,633,130",,"55,017,016",,"37,831,602",,"15,192,070",,"120,602,935",,"125,736,019",,"15,241,286",,"79,732,181",,"22,302,643",,"282,597,235",,"83,300,624",,"9,982,639",,"127,405,654",,"7,097,310,272",,"43,490,513",
"Total employment, percent change, 2017-2018",,2.20%,,2.20%,,1.20%,,4.10%,,-0.40%,,2.40%,,3.40%,,1.40%,,2.20%,,3.40%,,1.30%,,-0.50%,,0.20%,,1.10%,,0.40%,,0.80%,,1.30%,,0.50%,,0.60%,,1.70%,,2.30%,,0.20%,,1.30%,,0.50%,,1.80%,,1.30%,,1.70%,,2.00%,,1.80%,,0.80%,,0.90%,,2.80%,,2.30%,,0.90%,,4.30%,,2.00%,,1.60%,,1.40%,,2.50%,,1.50%,,-1.40%,,0.70%,,1.30%,,Z,,2.00%,,1.50%,,0.80%,,2.10%,,1.90%,,1.60%,,1.80%,,2.40%,
"Total nonemployer establishments, 2018",,"535,299",,"3,453,769",,"209,179",,"502,593",,"57,391",,"336,445",,"135,986",,"112,589",,"955,621",,"2,388,050",,"68,623",,"286,874",,"385,074",,"295,814",,"202,389",,"212,333",,"422,619",,"996,670",,"222,159",,"416,487",,"730,700",,"573,754",,"510,744",,"117,341",,"291,452",,"802,331",,"56,523",,"787,883",,"1,804,188",,"125,925",,"88,150",,"491,908",,"632,995",,"62,027",,"246,766",,"2,514,301",,"745,483",,"108,327",,"245,381",,"138,728",,"93,753",,"426,915",,"539,987",,"68,405",,"363,971",,"83,145",,"865,041",,"302,653",,"53,042",,"355,166",,"26,485,532",,"62,583",
"All firms, 2012",,"547,352",,"3,548,449",,"231,959",,"499,926",,"68,032",,"374,153",,"146,642",,"118,454",,"929,864",,"2,100,187",,"73,418",,"326,693",,"414,291",,"331,546",,"239,118",,"259,121",,"479,059",,"1,135,017",,"235,454",,"489,494",,"834,087",,"607,664",,"531,953",,"139,570",,"327,229",,"904,814",,"68,270",,"805,985",,"2,008,988",,"151,363",,"114,435",,"541,522",,"653,193",,"75,827",,"251,419",,"2,356,748",,"792,088",,"131,638",,"227,156",,"164,089",,"112,419",,"491,606",,"550,453",,"81,314",,"367,726",,"94,642",,"975,453",,"339,305",,"62,427",,"432,980",,"27,626,360",,"63,408",
"Men-owned firms, 2012",,"284,554",,"1,852,580",,"123,158",,"245,243",,"35,402",,"203,604",,"70,438",,"60,409",,"480,578",,"1,084,885",,"38,328",,"187,845",,"215,111",,"184,154",,"125,169",,"135,382",,"253,533",,"609,648",,"125,079",,"268,710",,"446,128",,"357,158",,"276,630",,"79,243",,"174,395",,"510,078",,"37,016",,"435,677",,"1,139,910",,"71,132",,"63,112",,"262,650",,"353,012",,"41,270",,"132,163",,"1,251,696",,"464,592",,"76,716",,"114,057",,"83,696",,"55,913",,"257,948",,"302,249",,"42,418",,"202,446",,"54,651",,"579,400",,"165,691",,"30,039",,"236,252",,"14,844,597",,"30,237",
"Women-owned firms, 2012",,"194,508",,"1,320,085",,"75,962",,"182,425",,"22,141",,"137,630",,"45,121",,"44,453",,"376,506",,"807,817",,"23,964",,"106,678",,"151,114",,"106,011",,"77,194",,"82,345",,"162,798",,"417,500",,"89,159",,"157,821",,"306,986",,"199,210",,"209,119",,"42,067",,"105,168",,"306,824",,"20,316",,"287,058",,"725,709",,"59,044",,"39,065",,"187,677",,"236,290",,"23,417",,"76,269",,"866,678",,"252,944",,"38,525",,"82,508",,"51,936",,"35,449",,"162,616",,"195,694",,"23,722",,"131,856",,"30,484",,"304,803",,"123,015",,"19,344",,"133,859",,"9,878,397",,"27,064",
"Minority-owned firms, 2012",,"85,849",,"1,619,857",,"35,982",,"135,313",,"13,688",,"92,219",,"10,592",,"74,208",,"371,588",,"926,112",,"14,440",,"56,113",,"126,100",,"27,258",,"26,127",,"14,707",,"61,252",,"311,684",,"74,824",,"47,302",,"158,946",,"89,967",,"203,394",,"4,339",,"64,875",,"122,653",,"3,190",,"183,380",,"709,021",,"60,622",,"5,777",,"92,807",,"185,043",,"2,354",,"24,423",,"1,070,392",,"237,242",,"6,111",,"71,864",,"14,571",,"5,578",,"61,035",,"105,234",,"4,101",,"83,233",,"14,737",,"131,512",,"41,456",,"4,077",,"40,507",,"7,952,386",,"29,983",
"Nonminority-owned firms, 2012",,"442,365",,"1,819,107",,"189,029",,"344,981",,"51,147",,"272,651",,"130,973",,"38,510",,"538,893",,"1,121,749",,"54,782",,"259,614",,"277,676",,"296,155",,"204,562",,"236,561",,"405,090",,"795,129",,"155,094",,"428,716",,"657,237",,"499,959",,"314,902",,"131,322",,"249,027",,"759,569",,"62,271",,"603,182",,"1,248,304",,"83,857",,"104,785",,"426,697",,"450,109",,"70,491",,"218,826",,"1,224,845",,"533,808",,"121,297",,"144,944",,"144,122",,"102,746",,"415,972",,"434,025",,"74,228",,"276,269",,"77,042",,"818,858",,"285,028",,"55,397",,"379,934",,"18,987,918",,"29,521",
"Veteran-owned firms, 2012",,"51,722",,"252,377",,"25,915",,"46,780",,"7,953",,"41,943",,"12,804",,"11,148",,"96,787",,"185,756",,"7,206",,"31,056",,"42,211",,"33,208",,"21,610",,"25,889",,"45,174",,"89,110",,"26,789",,"45,582",,"71,861",,"58,339",,"50,976",,"15,689",,"36,273",,"91,316",,"6,584",,"86,571",,"137,532",,"14,096",,"12,912",,"49,331",,"76,434",,"8,237",,"18,754",,"213,590",,"57,996",,"16,119",,"23,049",,"16,693",,"11,486",,"49,217",,"59,379",,"8,604",,"47,987",,"9,904",,"97,969",,"30,918",,"6,470",,"39,830",,"2,521,682",,"5,070",
"Nonveteran-owned firms, 2012",,"469,524",,"3,176,341",,"192,988",,"427,582",,"56,091",,"316,984",,"124,314",,"101,334",,"800,585",,"1,846,686",,"60,318",,"281,182",,"354,460",,"282,704",,"203,401",,"217,779",,"412,543",,"1,006,885",,"198,566",,"419,628",,"733,517",,"525,667",,"462,232",,"115,839",,"273,491",,"776,193",,"56,904",,"684,743",,"1,811,544",,"128,693",,"94,960",,"461,401",,"548,439",,"63,317",,"219,807",,"2,057,218",,"707,975",,"108,817",,"191,293",,"137,254",,"93,393",,"415,542",,"469,392",,"66,219",,"303,137",,"79,837",,"837,792",,"288,790",,"51,353",,"370,755",,"24,070,685",,"54,217",
"Population per square mile, 2010",,48.5,,239.1,,56,,56.3,,1.2,,94.4,,19,,211.8,,168.4,,350.6,,460.8,,738.1,,104.9,,109.9,,34.9,,54.5,,181,,231.1,,63.2,,66.6,,174.8,,839.4,,594.8,,43.1,,54.7,,282.3,,9.7,,196.1,,411.2,,17,,77.1,,101.2,,202.6,,67.9,,33.6,,96.3,,"1,195.50",,147,,24.6,,23.8,,6.8,,87.1,,153.9,,10.7,,153.9,,"1,018.10",,283.9,,39.9,,5.8,,105,,87.4,,"9,856.50",
"Land area in square miles, 2010",,"103,641.89",,"155,779.22",,"52,035.48",,"113,594.08",,"570,640.95",,"50,645.33",,"82,643.12",,"6,422.63",,"57,513.49",,"53,624.76",,"1,948.54",,"4,842.36",,"43,203.90",,"39,486.34",,"81,758.72",,"55,857.13",,"35,826.11",,"55,518.93",,"46,923.27",,"79,626.74",,"56,538.90",,"7,800.06",,"9,707.24",,"30,842.92",,"68,594.92",,"40,860.69",,"69,000.80",,"48,617.91",,"47,126.40",,"121,298.15",,"24,038.21",,"66,455.52",,"39,490.09",,"9,216.66",,"82,169.62",,"261,231.71",,"7,354.22",,"8,952.65",,"109,781.18",,"76,824.17",,"145,545.80",,"68,741.52",,"41,234.90",,"75,811.00",,"30,060.70",,"1,033.81",,"44,742.70",,"95,988.01",,"97,093.14",,"54,157.80",,"3,531,905.43",,61.05,
FIPS Code,,"""08""",,"""06""",,"""05""",,"""04""",,"""02""",,"""01""",,"""16""",,"""15""",,"""13""",,"""12""",,"""10""",,"""09""",,"""22""",,"""21""",,"""20""",,"""19""",,"""18""",,"""17""",,"""28""",,"""27""",,"""26""",,"""25""",,"""24""",,"""23""",,"""40""",,"""39""",,"""38""",,"""37""",,"""36""",,"""35""",,"""54""",,"""53""",,"""51""",,"""50""",,"""49""",,"""48""",,"""34""",,"""33""",,"""32""",,"""31""",,"""30""",,"""29""",,"""47""",,"""46""",,"""45""",,"""44""",,"""42""",,"""41""",,"""56""",,"""55""",,"""1""",,"""11""",
